Position,NAME,TEAM,GOALS SCORED,GAMES,GOALS PER MATCH,Assists_Position,ASSISTS,ASSISTS PER MATCH,Pass_Position,Completed Pass,Total Pass
250,AINGERU OLABARRIETA,ATHLETIC CLUB,0,0,0,239,0,0,566,0,0
145,AITOR PAREDES,ATHLETIC CLUB,1,28,0.04,239,0,0,33,1060,1250
27,ALEX BERENGUER,ATHLETIC CLUB,6,27,0.22,74,2,0.07,294,243,344
250,ANDER HERRERA,ATHLETIC CLUB,0,17,0,74,2,0.12,211,464,541
145,ASIER VILLALIBRE,ATHLETIC CLUB,1,13,0.08,137,1,0.08,434,66,93
250,BEÑAT PRADOS,ATHLETIC CLUB,0,20,0,239,0,0,217,440,523
250,DANI VIVIAN,ATHLETIC CLUB,0,27,0,239,0,0,25,1112,1332
145,DANIEL GARCÍA CARRILLO,ATHLETIC CLUB,1,13,0.08,239,0,0,344,208,242
7,GORKA GURUZETA,ATHLETIC CLUB,13,29,0.45,46,3,0.1,205,378,553
250,HUGO RINCÓN,ATHLETIC CLUB,0,0,0,239,0,0,566,0,0
145,IKER MUNIAIN,ATHLETIC CLUB,1,16,0.06,239,0,0,330,236,264
250,IMANOL GARCÍA DE ALBÉNIZ,ATHLETIC CLUB,0,6,0,239,0,0,359,170,200
17,IÑAKI WILLIAMS,ATHLETIC CLUB,9,27,0.33,46,3,0.11,166,477,656
250,JAVIER MARTÓN,ATHLETIC CLUB,0,0,0,239,0,0,566,0,0
250,JULEN AGIRREZABALA,ATHLETIC CLUB,0,1,0,239,0,0,505,19,30
250,MALCOM ABDULAI ARES DJALÓ,ATHLETIC CLUB,0,10,0,239,0,0,471,51,61
250,MIKEL JAUREGIZAR,ATHLETIC CLUB,0,4,0,239,0,0,492,29,40
66,MIKEL VESGA,ATHLETIC CLUB,3,22,0.14,137,1,0.05,149,540,693
66,NICHOLAS WILLIAMS ARTHUER,ATHLETIC CLUB,3,24,0.13,2,8,0.33,237,375,470
66,OIHAN SANCET,ATHLETIC CLUB,3,27,0.11,14,5,0.19,152,571,689
250,PERU NOLASKOAIN,ATHLETIC CLUB,0,2,0,239,0,0,533,5,8
250,RAÚL GARCÍA,ATHLETIC CLUB,0,13,0,239,0,0,468,36,64
250,UNAI EGILUZ,ATHLETIC CLUB,0,0,0,239,0,0,566,0,0
95,UNAI GÓMEZ,ATHLETIC CLUB,2,20,0.1,239,0,0,394,114,150
250,UNAI SIMÓN,ATHLETIC CLUB,0,29,0,239,0,0,94,464,863
250,YERAY ÁLVAREZ,ATHLETIC CLUB,0,13,0,239,0,0,250,363,447
66,YURI BERCHICHE,ATHLETIC CLUB,3,22,0.14,137,1,0.05,109,662,812
250,ÁLEX PADILLA,ATHLETIC CLUB,0,0,0,239,0,0,566,0,0
250,ÍÑIGO LEKUE,ATHLETIC CLUB,0,21,0,74,2,0.1,129,596,753
145,ÍÑIGO RUÍZ DE GALARRETA,ATHLETIC CLUB,1,24,0.04,137,1,0.04,70,774,942
145,ÓSCAR DE MARCOS,ATHLETIC CLUB,1,23,0.04,26,4,0.17,79,760,922
250,ADRIÁN NIÑO,ATLÉTICO DE MADRID,0,0,0,239,0,0,566,0,0
250,AITOR GISMERA,ATLÉTICO DE MADRID,0,0,0,239,0,0,566,0,0
11,ANTOINE GRIEZMANN,ATLÉTICO DE MADRID,11,26,0.42,10,6,0.23,63,808,976
250,ANTONIO GOMIS,ATLÉTICO DE MADRID,0,0,0,239,0,0,566,0,0
250,ARTHUR VERMEEREN,ATLÉTICO DE MADRID,0,3,0,239,0,0,472,48,60
95,AXEL WITSEL,ATLÉTICO DE MADRID,2,29,0.07,239,0,0,15,1421,1547
250,CÉSAR AZPILICUETA,ATLÉTICO DE MADRID,0,17,0,74,2,0.12,163,576,660
250,GABRIEL ARMANDO DE ABREU,ATLÉTICO DE MADRID,0,22,0,239,0,0,51,912,1057
250,HORATIU MOLDOVAN,ATLÉTICO DE MADRID,0,0,0,239,0,0,566,0,0
250,ILIAS KOSTIS,ATLÉTICO DE MADRID,0,0,0,239,0,0,566,0,0
250,IVO GRBIC,ATLÉTICO DE MADRID,0,0,0,239,0,0,566,0,0
250,JAN OBLAK,ATLÉTICO DE MADRID,0,30,0,239,0,0,160,471,666
250,JORGE RESURRECCIÓN MERODIO,ATLÉTICO DE MADRID,0,27,0,46,3,0.11,9,1550,1706
250,JOSÉ GIMÉNEZ,ATLÉTICO DE MADRID,0,17,0,239,0,0,260,350,413
250,MARCO MORENO,ATLÉTICO DE MADRID,0,0,0,239,0,0,566,0,0
27,MARCOS LLORENTE,ATLÉTICO DE MADRID,6,30,0.2,46,3,0.1,107,690,829
250,MARIO HERMOSO,ATLÉTICO DE MADRID,0,23,0,137,1,0.04,20,1255,1441
38,MEMPHIS DEPAY,ATLÉTICO DE MADRID,5,20,0.25,137,1,0.05,351,169,225
95,NAHUEL MOLINA,ATLÉTICO DE MADRID,2,26,0.08,46,3,0.12,86,685,884
250,PABLO BARRIOS,ATLÉTICO DE MADRID,0,19,0,137,1,0.05,140,614,717
250,RAYANE BELAID,ATLÉTICO DE MADRID,0,0,0,239,0,0,566,0,0
145,REINILDO ISNARD MANDAVA,ATLÉTICO DE MADRID,1,9,0.11,137,1,0.11,314,255,292
145,RODRIGO DE PAUL,ATLÉTICO DE MADRID,1,26,0.04,26,4,0.15,38,1010,1170
95,RODRIGO RIQUELME,ATLÉTICO DE MADRID,2,26,0.08,14,5,0.19,246,365,452
250,SALIM EL JEBARI,ATLÉTICO DE MADRID,0,1,0,239,0,0,559,3,3
66,SAMUEL DIAS LINO,ATLÉTICO DE MADRID,3,26,0.12,74,2,0.08,143,585,707
145,SAÚL ÑÍGUEZ,ATLÉTICO DE MADRID,1,29,0.03,14,5,0.17,188,493,606
250,SERGIO MESTRE,ATLÉTICO DE MADRID,0,0,0,239,0,0,566,0,0
250,STEFAN SAVIC,ATLÉTICO DE MADRID,0,18,0,239,0,0,126,640,759
250,THOMAS LEMAR,ATLÉTICO DE MADRID,0,3,0,239,0,0,453,69,77
250,YANNICK CARRASCO,ATLÉTICO DE MADRID,0,3,0,137,1,0.33,457,58,75
5,ÁLVARO MORATA,ATLÉTICO DE MADRID,14,27,0.52,137,1,0.04,296,243,339
24,ÁNGEL CORREA,ATLÉTICO DE MADRID,7,24,0.29,74,2,0.08,307,255,318
250,ÇAGLAR SÖYÜNCÜ,ATLÉTICO DE MADRID,0,6,0,239,0,0,449,71,81
145,AIMAR OROZ,CA OSASUNA,1,29,0.03,137,1,0.03,81,752,914
250,AITOR FERNÁNDEZ,CA OSASUNA,0,5,0,239,0,0,416,78,119
145,ALEJANDRO CATENA,CA OSASUNA,1,23,0.04,74,2,0.09,59,830,1015
1,ANTE BUDIMIR,CA OSASUNA,16,30,0.53,74,2,0.07,261,222,410
250,ASIER OSAMBELA,CA OSASUNA,0,0,0,239,0,0,566,0,0
250,DARKO BRASANAC,CA OSASUNA,0,2,0,239,0,0,524,9,14
250,DAVID GARCÍA,CA OSASUNA,0,25,0,137,1,0.04,35,1029,1235
250,DIMITRIOS STAMATAKIS,CA OSASUNA,0,0,0,239,0,0,566,0,0
47,IKER MUÑOZ,CA OSASUNA,4,20,0.2,239,0,0,176,483,635
250,IÑIGO ARGUIBIDE,CA OSASUNA,0,1,0,239,0,0,559,0,3
250,JAVI MARTÍNEZ,CA OSASUNA,0,0,0,239,0,0,566,0,0
145,JESÚS ARESO,CA OSASUNA,1,29,0.03,26,4,0.14,138,586,723
250,JOHAN MOJICA,CA OSASUNA,0,22,0,74,2,0.09,156,526,683
250,JON MONCAYOLA,CA OSASUNA,0,26,0,46,3,0.12,127,613,758
250,JORGE HERRANDO,CA OSASUNA,0,11,0,239,0,0,295,271,343
95,JOSÉ ARNAIZ,CA OSASUNA,2,20,0.1,137,1,0.05,368,152,185
250,JUAN CRUZ ÁLVARO ARMADA,CA OSASUNA,0,20,0,137,1,0.05,169,524,644
250,KIKE BARJA,CA OSASUNA,0,16,0,239,0,0,438,78,90
250,LUCAS TORRÓ,CA OSASUNA,0,21,0,239,0,0,176,480,635
250,MAX SVENSSON,CA OSASUNA,0,0,0,239,0,0,566,0,0
95,MOI GÓMEZ,CA OSASUNA,2,23,0.09,239,0,0,72,783,938
145,PABLO IBÁÑEZ,CA OSASUNA,1,26,0.04,137,1,0.04,318,221,288
250,PABLO VALENCIA,CA OSASUNA,0,0,0,239,0,0,566,0,0
66,RAÚL GARCÍA,CA OSASUNA,3,27,0.11,239,0,0,364,117,192
95,RUBÉN GARCÍA,CA OSASUNA,2,23,0.09,74,2,0.09,242,324,453
250,RUBÉN PEÑA,CA OSASUNA,0,21,0,137,1,0.05,205,392,553
250,SERGIO HERRERA,CA OSASUNA,0,26,0,239,0,0,95,516,856
145,UNAI GARCÍA,CA OSASUNA,1,7,0.14,239,0,0,375,142,178
250,AIHAM HANZ OUSOU,CÁDIZ CF,0,3,0,239,0,0,451,59,79
250,ARISTIDE NJALLA,CÁDIZ CF,0,0,0,239,0,0,566,0,0
250,BRIAN OCAMPO,CÁDIZ CF,0,10,0,239,0,0,469,42,63
38,CHRIS RAMOS,CÁDIZ CF,5,30,0.17,137,1,0.03,272,222,382
250,CONAN LEDESMA,CÁDIZ CF,0,27,0,239,0,0,92,468,872
47,DARWIN MACHÍS,CÁDIZ CF,4,19,0.21,239,0,0,356,153,212
250,DAVID GIL,CÁDIZ CF,0,4,0,239,0,0,425,50,108
250,DIADIÉ SAMASSÉKOU,CÁDIZ CF,0,2,0,239,0,0,510,24,25
250,ETTA EYONG,CÁDIZ CF,0,1,0,239,0,0,563,2,2
145,FEDE SAN EMETERIO,CÁDIZ CF,1,4,0.25,239,0,0,481,42,50
250,GONZALO ESCALANTE,CÁDIZ CF,0,19,0,74,2,0.11,231,360,479
250,IVÁN ALEJO,CÁDIZ CF,0,26,0,74,2,0.08,325,175,278
250,IZA CARCELÉN,CÁDIZ CF,0,28,0,239,0,0,129,559,753
145,JAVI HERNÁNDEZ,CÁDIZ CF,1,23,0.04,74,2,0.09,150,492,692
250,JORGE MERÉ,CÁDIZ CF,0,10,0,239,0,0,351,165,225
250,JOSEBA ZALDÚA,CÁDIZ CF,0,8,0,239,0,0,460,44,72
250,JOSÉ ANTONIO DE LA ROSA,CÁDIZ CF,0,0,0,239,0,0,566,0,0
250,JOSÉ MARI MARTÍN,CÁDIZ CF,0,3,0,239,0,0,517,16,20
66,JUAN MIGUEL JIMÉNEZ LÓPEZ,CÁDIZ CF,3,8,0.38,239,0,0,394,123,150
145,LUCAS PIRES SILVA,CÁDIZ CF,1,22,0.05,239,0,0,239,351,460
145,LUIS HERNÁNDEZ,CÁDIZ CF,1,9,0.11,239,0,0,311,238,303
250,MAXIMILIANO GÓMEZ,CÁDIZ CF,0,24,0,239,0,0,364,104,192
250,MILUTIN OSMAJIC,CÁDIZ CF,0,1,0,239,0,0,559,2,3
250,MOMO MBAYE,CÁDIZ CF,0,4,0,239,0,0,445,47,83
250,MOUSSA DIAKITÉ,CÁDIZ CF,0,1,0,239,0,0,566,0,0
250,RAFAEL JIMÉNEZ JARQUE,CÁDIZ CF,0,24,0,239,0,0,122,582,767
145,ROBERT NAVARRO,CÁDIZ CF,1,20,0.05,137,1,0.05,281,278,364
95,ROGER MARTÍ,CÁDIZ CF,2,16,0.13,74,2,0.13,348,149,227
250,ROMINIGUE KOUAMÉ,CÁDIZ CF,0,16,0,239,0,0,261,354,410
95,RUBÉN ALCARAZ,CÁDIZ CF,2,28,0.07,137,1,0.04,40,914,1132
250,RUBÉN SOBRINO,CÁDIZ CF,0,25,0,137,1,0.04,269,292,389
250,SERGI GUARDIOLA,CÁDIZ CF,0,18,0,137,1,0.06,400,105,142
250,VICTOR CHUST,CÁDIZ CF,0,15,0,137,1,0.07,146,560,697
250,VICTOR WEHBI AZNAR USSEN,CÁDIZ CF,0,0,0,239,0,0,566,0,0
250,ÁLEX FERNÁNDEZ,CÁDIZ CF,0,21,0,239,0,0,257,365,430
250,ÁLEX MORATA,CÁDIZ CF,0,0,0,239,0,0,566,0,0
250,ÁLVARO BASTIDA,CÁDIZ CF,0,0,0,239,0,0,566,0,0
250,ÁLVARO NEGREDO,CÁDIZ CF,0,7,0,239,0,0,519,9,17
145,ABDE REBBACH,DEPORTIVO ALAVÉS,1,20,0.05,239,0,0,409,87,132
250,ABDEL ABQAR,DEPORTIVO ALAVÉS,0,21,0,239,0,0,174,469,637
250,ADRIÁN RODRÍGUEZ,DEPORTIVO ALAVÉS,0,0,0,239,0,0,566,0,0
145,ALEKSANDAR SEDLAR,DEPORTIVO ALAVÉS,1,11,0.09,239,0,0,264,342,403
145,ANDER GUEVARA,DEPORTIVO ALAVÉS,1,29,0.03,239,0,0,31,975,1275
250,ANDER SÁNCHEZ,DEPORTIVO ALAVÉS,0,0,0,239,0,0,566,0,0
145,ANDONI GOROSABEL,DEPORTIVO ALAVÉS,1,29,0.03,239,0,0,97,688,845
250,ANTONIO BLANCO,DEPORTIVO ALAVÉS,0,27,0,137,1,0.04,106,651,831
250,ANTONIO SIVERA,DEPORTIVO ALAVÉS,0,30,0,239,0,0,88,485,881
145,CARLOS BENAVÍDEZ,DEPORTIVO ALAVÉS,1,23,0.04,137,1,0.04,310,210,304
250,CARLOS VICENTE,DEPORTIVO ALAVÉS,0,11,0,74,2,0.18,390,100,159
250,EGOITZ MUÑOZ,DEPORTIVO ALAVÉS,0,0,0,239,0,0,566,0,0
250,ENEKO ORTIZ,DEPORTIVO ALAVÉS,0,0,0,239,0,0,566,0,0
250,GAIZKA GARCÍA,DEPORTIVO ALAVÉS,0,0,0,239,0,0,566,0,0
250,GIORGI GAGUA,DEPORTIVO ALAVÉS,0,0,0,239,0,0,566,0,0
250,GIULIANO SIMEONE,DEPORTIVO ALAVÉS,0,7,0,239,0,0,510,16,25
250,IANIS HAGI,DEPORTIVO ALAVÉS,0,18,0,137,1,0.06,377,130,176
250,JAVI LÓPEZ,DEPORTIVO ALAVÉS,0,26,0,46,3,0.12,172,458,639
250,JESÚS OWONO,DEPORTIVO ALAVÉS,0,0,0,239,0,0,566,0,0
250,JOAQUÍN PANICHELLI,DEPORTIVO ALAVÉS,0,2,0,239,0,0,538,3,7
250,JON GURIDI,DEPORTIVO ALAVÉS,0,29,0,26,4,0.14,170,510,643
250,JOSEDA ÁLVAREZ,DEPORTIVO ALAVÉS,0,0,0,239,0,0,566,0,0
66,KIKE GARCÍA,DEPORTIVO ALAVÉS,3,27,0.11,239,0,0,355,150,219
47,LUIS RIOJA,DEPORTIVO ALAVÉS,4,30,0.13,26,4,0.13,187,453,608
250,MAMADOU SYLLA,DEPORTIVO ALAVÉS,0,2,0,239,0,0,538,3,7
250,MIGUEL DE LA FUENTE,DEPORTIVO ALAVÉS,0,3,0,239,0,0,522,7,15
145,NAHUEL TENAGLIA,DEPORTIVO ALAVÉS,1,18,0.06,239,0,0,368,133,185
250,NIKOLA MARAS,DEPORTIVO ALAVÉS,0,0,0,239,0,0,566,0,0
250,RAFA MARÍN,DEPORTIVO ALAVÉS,0,27,0,239,0,0,99,699,841
95,RUBÉN DUARTE,DEPORTIVO ALAVÉS,2,22,0.09,239,0,0,221,365,512
250,RÚBEN MONTERO,DEPORTIVO ALAVÉS,0,0,0,239,0,0,566,0,0
17,SAMU OMORODION,DEPORTIVO ALAVÉS,9,29,0.31,137,1,0.03,323,205,281
250,SELU DIALLO,DEPORTIVO ALAVÉS,0,0,0,239,0,0,566,0,0
250,TOMÁS MENDES,DEPORTIVO ALAVÉS,0,1,0,239,0,0,543,4,6
250,UNAI ROPERO,DEPORTIVO ALAVÉS,0,1,0,239,0,0,553,4,4
250,VICTOR PARADA,DEPORTIVO ALAVÉS,0,2,0,239,0,0,566,0,0
250,XEBER ALKAIN,DEPORTIVO ALAVÉS,0,9,0,239,0,0,457,57,75
250,ÁLEX SOLA,DEPORTIVO ALAVÉS,0,25,0,74,2,0.08,334,177,255
250,ALEIX GARRIDO,FC BARCELONA,0,0,0,239,0,0,566,0,0
250,ALEJANDRO BALDE,FC BARCELONA,0,18,0,137,1,0.06,159,592,669
250,ANDER ASTRALAGA,FC BARCELONA,0,0,0,239,0,0,566,0,0
250,ANDREAS CHRISTENSEN,FC BARCELONA,0,22,0,74,2,0.09,29,1230,1293
250,ANSU FATI,FC BARCELONA,0,3,0,239,0,0,508,23,27
250,DIEGO KOCHEN,FC BARCELONA,0,0,0,239,0,0,566,0,0
66,FERMÍN LÓPEZ,FC BARCELONA,3,23,0.13,239,0,0,267,330,396
24,FERRAN TORRES,FC BARCELONA,7,22,0.32,74,2,0.09,292,275,347
95,FRENKIE DE JONG,FC BARCELONA,2,19,0.11,239,0,0,11,1508,1621
250,HÉCTOR FORT,FC BARCELONA,0,4,0,137,1,0.25,428,91,101
250,IGNACIO PEÑA SOTORRES,FC BARCELONA,0,10,0,239,0,0,337,213,251
38,ILKAY GÜNDOGAN,FC BARCELONA,5,30,0.17,10,6,0.2,7,1667,1863
27,JOÃO FÉLIX SEQUEIRA,FC BARCELONA,6,23,0.26,46,3,0.13,218,437,522
95,JOÃO PEDRO CAVACO CANCELO,FC BARCELONA,2,25,0.08,46,3,0.12,32,1059,1266
145,JULES KOUNDÉ,FC BARCELONA,1,27,0.04,74,2,0.07,5,1753,1928
47,LAMINE YAMAL,FC BARCELONA,4,29,0.14,46,3,0.1,146,580,697
250,MARC CASADÓ,FC BARCELONA,0,1,0,239,0,0,553,4,4
145,MARC GUIU,FC BARCELONA,1,3,0.33,239,0,0,533,8,8
250,MARC-ANDRÉ TER STEGEN,FC BARCELONA,0,20,0,239,0,0,167,576,651
250,MARCOS ALONSO,FC BARCELONA,0,4,0,239,0,0,415,110,121
250,MIKAYIL FAYE,FC BARCELONA,0,0,0,239,0,0,566,0,0
250,ORIOL ROMEU,FC BARCELONA,0,23,0,137,1,0.04,153,617,688
145,PABLO MARTÍN PÁEZ GAVIRA,FC BARCELONA,1,12,0.08,137,1,0.08,216,481,526
250,PAU CUBARSÍ,FC BARCELONA,0,11,0,239,0,0,88,809,881
250,PAU PRIM,FC BARCELONA,0,0,0,239,0,0,566,0,0
250,PAU VICTOR,FC BARCELONA,0,0,0,239,0,0,566,0,0
95,PEDRO GONZÁLEZ LÓPEZ,FC BARCELONA,2,16,0.13,74,2,0.13,119,676,780
38,RAPHAEL DIAS BELLOLI,FC BARCELONA,5,22,0.23,4,7,0.32,229,385,481
7,ROBERT LEWANDOWSKI,FC BARCELONA,13,28,0.46,2,8,0.29,241,322,454
145,RONALD ARAUJO,FC BARCELONA,1,21,0.05,239,0,0,26,1173,1317
66,SERGI ROBERTO,FC BARCELONA,3,8,0.38,137,1,0.13,281,336,364
250,UNAI HERNÁNDEZ,FC BARCELONA,0,0,0,239,0,0,566,0,0
95,VITOR HUGO ROQUE FERREIRA,FC BARCELONA,2,10,0.2,239,0,0,484,35,48
250,ÁRON YAAKOBISHVILI,FC BARCELONA,0,0,0,239,0,0,566,0,0
250,ÍÑIGO MARTÍNEZ,FC BARCELONA,0,15,0,239,0,0,115,703,794
250,ALEJANDRO HERRANZ,GETAFE CF,0,0,0,239,0,0,566,0,0
4,BORJA MAYORAL,GETAFE CF,15,27,0.56,137,1,0.04,214,414,533
145,CARLES ALEÑÁ,GETAFE CF,1,24,0.04,137,1,0.04,312,239,299
250,DAMIÁN SUÁREZ,GETAFE CF,0,16,0,74,2,0.13,230,340,480
250,DANIEL CERANTOLA FUZATO,GETAFE CF,0,0,0,239,0,0,566,0,0
250,DAVID SORIA,GETAFE CF,0,30,0,239,0,0,75,434,933
250,DIEGO RICO,GETAFE CF,0,25,0,4,7,0.28,105,567,838
250,DJENÉ DAKONAM,GETAFE CF,0,26,0,239,0,0,114,627,797
250,DJORDJIJE MEDENICA,GETAFE CF,0,0,0,239,0,0,566,0,0
250,DOMINGOS DE SOUSA COUTINHO MENESES DUARTE,GETAFE CF,0,15,0,239,0,0,277,292,376
250,ENES ÜNAL,GETAFE CF,0,3,0,137,1,0.33,499,23,34
250,FABRIZIO ANGILERI,GETAFE CF,0,8,0,239,0,0,476,35,56
250,FACUNDO ESNÁIDER,GETAFE CF,0,0,0,239,0,0,566,0,0
145,GASTÓN ÁLVAREZ,GETAFE CF,1,27,0.04,239,0,0,144,521,705
250,GORKA RIVERA,GETAFE CF,0,1,0,239,0,0,547,4,5
250,ILAIX MORIBA,GETAFE CF,0,7,0,137,1,0.14,409,100,132
47,JAIME MATA,GETAFE CF,4,27,0.15,137,1,0.04,268,267,391
145,JESÚS SANTIAGO PÉREZ,GETAFE CF,1,7,0.14,239,0,0,440,69,88
250,JOHN PATRICK,GETAFE CF,0,0,0,239,0,0,566,0,0
250,JORGE BENITO,GETAFE CF,0,0,0,239,0,0,566,0,0
250,JORGE MARTÍN,GETAFE CF,0,9,0,239,0,0,382,112,170
145,JOSÉ ÁNGEL CARMONA,GETAFE CF,1,22,0.05,137,1,0.05,348,169,227
250,JUAN IGLESIAS,GETAFE CF,0,22,0,74,2,0.09,242,294,453
95,JUANMI LATASA,GETAFE CF,2,25,0.08,239,0,0,308,165,310
250,LUIS MILLA,GETAFE CF,0,19,0,137,1,0.05,113,663,802
27,MASON GREENWOOD,GETAFE CF,6,25,0.24,14,5,0.2,163,530,660
250,MAURO ARAMBARRI,GETAFE CF,0,7,0,239,0,0,403,111,135
250,NABIL ABERDIN,GETAFE CF,0,0,0,239,0,0,566,0,0
47,NEMANJA MAKSIMOVIC,GETAFE CF,4,29,0.14,239,0,0,108,667,824
250,OMAR ALDERETE,GETAFE CF,0,23,0,137,1,0.04,151,438,691
250,SANTIAGO GARCÍA,GETAFE CF,0,1,0,239,0,0,538,6,7
250,SERGIO GIMENO,GETAFE CF,0,0,0,239,0,0,566,0,0
145,STEFAN MITROVIC,GETAFE CF,1,11,0.09,239,0,0,337,191,251
145,ÓSCAR RODRÍGUEZ,GETAFE CF,1,17,0.06,239,0,0,327,213,271
66,ALEIX GARCÍA,GIRONA FC,3,29,0.1,10,6,0.21,2,1968,2148
250,ANTAL YAAKOBISHVILI,GIRONA FC,0,1,0,239,0,0,489,37,42
250,ARNAU MARTÍNEZ,GIRONA FC,0,15,0,74,2,0.13,195,521,579
1,ARTEM DOVBYK,GIRONA FC,16,28,0.57,14,5,0.18,314,208,292
250,BERNARDO ESPINOSA,GIRONA FC,0,2,0,239,0,0,533,7,8
250,BORJA GARCÍA,GIRONA FC,0,0,0,239,0,0,566,0,0
20,CRISTHIAN STUANI,GIRONA FC,8,28,0.29,74,2,0.07,426,76,106
47,CRISTIAN PORTUGUÉS MANZANERA,GIRONA FC,4,28,0.14,26,4,0.14,340,203,247
145,DALEY BLIND,GIRONA FC,1,26,0.04,74,2,0.08,6,1704,1899
95,DAVID LÓPEZ,GIRONA FC,2,18,0.11,239,0,0,39,1055,1146
95,ERIC GARCÍA,GIRONA FC,2,24,0.08,239,0,0,13,1439,1593
250,ERIC MONJONELL,GIRONA FC,0,0,0,239,0,0,566,0,0
250,IBRAHIMA KÉBÉ,GIRONA FC,0,2,0,239,0,0,533,5,8
250,IKER ALMENA,GIRONA FC,0,0,0,239,0,0,566,0,0
47,IVÁN MARTÍN,GIRONA FC,4,29,0.14,74,2,0.07,34,1147,1246
250,JASTIN GARCÍA,GIRONA FC,0,2,0,239,0,0,563,1,2
250,JHON SOLÍS,GIRONA FC,0,15,0,239,0,0,379,145,174
250,JUAN CARLOS MARTÍN CORRAL,GIRONA FC,0,0,0,239,0,0,566,0,0
250,JUAN PEDRO RAMÍREZ LÓPEZ,GIRONA FC,0,15,0,239,0,0,222,464,510
250,MANU VALLEJO,GIRONA FC,0,0,0,239,0,0,566,0,0
145,MIGUEL GUTIÉRREZ,GIRONA FC,1,28,0.04,26,4,0.14,30,1126,1280
250,PABLO TORRE,GIRONA FC,0,21,0,74,2,0.1,288,299,353
250,PAULO GAZZANIGA,GIRONA FC,0,30,0,239,0,0,65,719,965
250,RICARD ARTERO,GIRONA FC,0,0,0,239,0,0,566,0,0
250,SANTIAGO BUENO,GIRONA FC,0,0,0,239,0,0,566,0,0
250,SILVI CLUA,GIRONA FC,0,1,0,239,0,0,547,5,5
20,SÁVIO MOREIRA DE OLIVEIRA,GIRONA FC,8,29,0.28,4,7,0.24,137,594,726
250,TONI FUIDIAS,GIRONA FC,0,0,0,239,0,0,566,0,0
95,VALERY FERNÁNDEZ,GIRONA FC,2,22,0.09,239,0,0,385,149,167
27,VIKTOR TSYGANKOV,GIRONA FC,6,24,0.25,26,4,0.17,180,525,632
145,YAN BUENO COUTO,GIRONA FC,1,28,0.04,4,7,0.25,71,773,941
47,YANGEL HERRERA,GIRONA FC,4,21,0.19,239,0,0,117,690,785
250,ADRI LÓPEZ,GRANADA CF,0,0,0,239,0,0,566,0,0
250,ADRIÀ MIQUEL BOSCH,GRANADA CF,0,1,0,239,0,0,524,11,14
250,ALBERTO PEREA,GRANADA CF,0,2,0,239,0,0,543,6,6
250,ALBERTO SORO,GRANADA CF,0,1,0,239,0,0,559,3,3
250,ANDRÉ FILIPE MAGALHÃES RIBEIRO FERREIRA,GRANADA CF,0,15,0,239,0,0,261,272,410
250,AUGUSTO BATALLA,GRANADA CF,0,12,0,239,0,0,249,262,448
145,BRUNO MÉNDEZ,GRANADA CF,1,10,0.1,239,0,0,279,271,374
27,BRYAN ZARAGOZA,GRANADA CF,6,21,0.29,74,2,0.1,298,221,337
250,CARLOS NEVA,GRANADA CF,0,29,0,74,2,0.07,59,779,1015
250,EGHOSA BELLO,GRANADA CF,0,0,0,239,0,0,566,0,0
145,FACUNDO PELLISTRI,GRANADA CF,1,8,0.13,137,1,0.13,401,106,139
250,FAITOUT MAOUASSA,GRANADA CF,0,4,0,137,1,0.25,494,24,39
250,FAMARA DIÉDHIOU,GRANADA CF,0,8,0,137,1,0.13,496,19,38
250,FRAN ÁRBOL,GRANADA CF,0,0,0,239,0,0,566,0,0
250,GERARD GUMBAU,GRANADA CF,0,27,0,46,3,0.11,53,816,1045
145,GONZALO VILLAR,GRANADA CF,1,27,0.04,46,3,0.11,112,671,803
145,IGNASI MIQUEL,GRANADA CF,1,29,0.03,137,1,0.03,24,1130,1358
250,JESÚS VALLEJO,GRANADA CF,0,3,0,239,0,0,449,74,81
250,JOSÉ ANTONIO RODRÍGUEZ DÍAZ,GRANADA CF,0,25,0,74,2,0.08,380,134,173
250,JOSÉ CALLEJÓN,GRANADA CF,0,20,0,137,1,0.05,343,198,243
250,KAMIL JÓZWIAK,GRANADA CF,0,6,0,239,0,0,475,35,58
250,KAMIL PIATKOWSKI,GRANADA CF,0,5,0,239,0,0,384,146,168
250,LASSINA SANGARE,GRANADA CF,0,0,0,239,0,0,566,0,0
66,LUCAS BOYÉ,GRANADA CF,3,23,0.13,46,3,0.13,258,309,422
250,MARC MARTÍNEZ,GRANADA CF,0,0,0,239,0,0,566,0,0
250,MARIO GONZÁLEZ,GRANADA CF,0,0,0,239,0,0,566,0,0
250,MARTIN HONGLA,GRANADA CF,0,8,0,239,0,0,366,160,191
250,MATÍAS AREZO,GRANADA CF,0,9,0,239,0,0,485,29,46
145,MIGUEL RUBIO,GRANADA CF,1,12,0.08,239,0,0,220,413,518
17,MYRTO UZUNI,GRANADA CF,9,29,0.31,137,1,0.03,332,203,258
250,NJEGOS PETROVIC,GRANADA CF,0,10,0,239,0,0,452,66,78
250,PABLO SÁENZ,GRANADA CF,0,0,0,239,0,0,566,0,0
250,POL TRISTÁN,GRANADA CF,0,0,0,239,0,0,566,0,0
250,RAÚL FERNÁNDEZ,GRANADA CF,0,4,0,239,0,0,433,59,95
250,RAÚL TORRENTE,GRANADA CF,0,14,0,239,0,0,174,508,637
66,RICARD SÁNCHEZ,GRANADA CF,3,28,0.11,239,0,0,142,535,709
250,SERGIO RUIZ,GRANADA CF,0,27,0,74,2,0.07,62,849,987
250,SHON WEISSMAN,GRANADA CF,0,5,0,239,0,0,528,9,12
145,THEO CORBEANU,GRANADA CF,1,6,0.17,239,0,0,498,27,35
250,VÍCTOR DÍAZ,GRANADA CF,0,4,0,239,0,0,461,45,69
250,WILSON MIGUEIS MANAFÁ JANCÓ,GRANADA CF,0,4,0,239,0,0,431,75,98
250,ÁLVARO FERNÁNDEZ,GRANADA CF,0,13,0,239,0,0,366,150,191
250,ÓSCAR MELENDO,GRANADA CF,0,22,0,239,0,0,281,299,364
145,ABDUL MUMIN,RAYO VALLECANO,1,13,0.08,239,0,0,247,359,451
250,ALFONSO ESPINO,RAYO VALLECANO,0,28,0,137,1,0.04,58,772,1024
250,ANDREI RATIU,RAYO VALLECANO,0,8,0,239,0,0,401,106,139
250,ARIDANE HERNÁNDEZ,RAYO VALLECANO,0,18,0,239,0,0,139,616,721
250,DANI CÁRDENAS,RAYO VALLECANO,0,0,0,239,0,0,566,0,0
250,DIEGO MÉNDEZ,RAYO VALLECANO,0,1,0,239,0,0,563,2,2
95,FLORIAN LEJEUNE,RAYO VALLECANO,2,29,0.07,137,1,0.03,14,1284,1569
66,ISI PALAZÓN,RAYO VALLECANO,3,29,0.1,137,1,0.03,96,630,848
250,IVÁN BALLIU,RAYO VALLECANO,0,27,0,239,0,0,99,646,841
145,JORGE DE FRUTOS,RAYO VALLECANO,1,28,0.04,239,0,0,323,211,281
250,JORGE MORENO,RAYO VALLECANO,0,0,0,239,0,0,566,0,0
250,JOSÉ POZO,RAYO VALLECANO,0,2,0,239,0,0,531,11,11
145,KIKE PÉREZ,RAYO VALLECANO,1,22,0.05,239,0,0,301,259,326
250,MARTÍN PASCUAL,RAYO VALLECANO,0,0,0,239,0,0,566,0,0
250,MIGUEL CRESPO DA SILVA,RAYO VALLECANO,0,7,0,239,0,0,403,115,135
250,MIGUEL ÁNGEL MORRO,RAYO VALLECANO,0,0,0,239,0,0,566,0,0
250,PABLO MUÑOZ,RAYO VALLECANO,0,0,0,239,0,0,566,0,0
145,PATHÉ CISS,RAYO VALLECANO,1,24,0.04,239,0,0,154,570,687
250,PEP CHAVARRÍA,RAYO VALLECANO,0,15,0,137,1,0.07,288,280,353
145,RADAMEL FALCAO,RAYO VALLECANO,1,16,0.06,239,0,0,466,51,65
145,RANDY NTEKA,RAYO VALLECANO,1,11,0.09,137,1,0.09,403,97,135
145,RAÚL DE TOMÁS,RAYO VALLECANO,1,22,0.05,74,2,0.09,345,192,240
250,SALVI SÁNCHEZ,RAYO VALLECANO,0,1,0,239,0,0,528,10,12
66,SERGIO CAMELLO,RAYO VALLECANO,3,25,0.12,137,1,0.04,318,220,288
250,STOLE DIMITRIEVSKI,RAYO VALLECANO,0,30,0,239,0,0,98,464,844
95,TIAGO MANUEL DIAS CORREIA,RAYO VALLECANO,2,16,0.13,239,0,0,479,36,52
145,UNAI LÓPEZ,RAYO VALLECANO,1,27,0.04,74,2,0.07,52,885,1051
27,ÁLVARO GARCÍA,RAYO VALLECANO,6,26,0.23,137,1,0.04,199,381,564
250,ÓSCAR TREJO,RAYO VALLECANO,0,24,0,239,0,0,215,442,527
145,ÓSCAR VALENTÍN,RAYO VALLECANO,1,27,0.04,239,0,0,55,834,1032
250,AGUSTÍN MARCHESÍN,RC CELTA,0,0,0,239,0,0,566,0,0
145,CARL STARFELT,RC CELTA,1,23,0.04,239,0,0,103,733,840
145,CARLES PÉREZ,RC CELTA,1,11,0.09,239,0,0,396,123,149
250,CARLOS DOMÍNGUEZ,RC CELTA,0,16,0,239,0,0,202,433,558
250,CARLOS DOTOR,RC CELTA,0,16,0,239,0,0,302,273,324
250,COKE CARRILLO,RC CELTA,0,0,0,239,0,0,566,0,0
250,DAMIÁN RODRÍGUEZ,RC CELTA,0,1,0,239,0,0,524,13,14
250,FRAN BELTRÁN,RC CELTA,0,25,0,239,0,0,68,811,947
250,FRANCO CERVI,RC CELTA,0,14,0,239,0,0,357,175,209
250,GABRI VEIGA,RC CELTA,0,1,0,239,0,0,553,3,4
250,GONÇALO MENDES PACIÊNCIA,RC CELTA,0,0,0,239,0,0,566,0,0
250,HUGO SOTELO,RC CELTA,0,13,0,239,0,0,278,344,375
250,HUGO ÁLVAREZ,RC CELTA,0,5,0,239,0,0,406,121,134
38,IAGO ASPAS,RC CELTA,5,27,0.19,10,6,0.22,99,662,841
250,IVÁN VILLAR,RC CELTA,0,10,0,239,0,0,353,121,223
250,JAVI DOMÍNGUEZ,RC CELTA,0,0,0,239,0,0,566,0,0
250,JAVI RODRÍGUEZ,RC CELTA,0,0,0,239,0,0,566,0,0
250,JAVIER MANQUILLO,RC CELTA,0,6,0,137,1,0.17,389,125,164
250,JAÍLSON MARQUES SIQUEIRA,RC CELTA,0,8,0,137,1,0.13,398,106,143
95,JONATHAN BAMBA,RC CELTA,2,22,0.09,74,2,0.09,190,482,602
250,JOSEPH AIDOO,RC CELTA,0,6,0,239,0,0,371,142,181
12,JØRGEN STRAND LARSEN,RC CELTA,10,30,0.33,74,2,0.07,228,335,482
250,KEVIN VÁZQUEZ,RC CELTA,0,11,0,239,0,0,336,184,252
145,LUCA DE LA TORRE,RC CELTA,1,26,0.04,26,4,0.15,161,550,665
250,MANU SÁNCHEZ,RC CELTA,0,24,0,14,5,0.21,191,458,598
250,MIGUEL RODRÍGUEZ,RC CELTA,0,11,0,239,0,0,474,46,59
250,MIHAILO RISTIC,RC CELTA,0,11,0,239,0,0,290,258,351
250,RAÚL GARCÍA,RC CELTA,0,0,0,239,0,0,566,0,0
250,RENATO TAPIA,RC CELTA,0,19,0,239,0,0,163,503,660
145,TADEO ALLENDE,RC CELTA,1,6,0.17,239,0,0,466,41,65
47,TASOS DOUVIKAS,RC CELTA,4,25,0.16,239,0,0,412,80,128
145,UNAI NÚÑEZ,RC CELTA,1,29,0.03,239,0,0,18,1156,1469
250,VICENTE GUAITA,RC CELTA,0,21,0,239,0,0,218,320,522
66,WILLIOT SWEDBERG,RC CELTA,3,10,0.3,239,0,0,501,24,33
95,ÓSCAR MINGUEZA,RC CELTA,2,30,0.07,74,2,0.07,43,874,1099
38,ABDÓN PRATS,RCD MALLORCA,5,26,0.19,137,1,0.04,363,113,195
250,ALEJANDRO QUEVEDO,RCD MALLORCA,0,0,0,239,0,0,566,0,0
250,AMATH NDIAYE,RCD MALLORCA,0,15,0,239,0,0,427,73,104
250,ANTONIO LATORRE GRUESO,RCD MALLORCA,0,23,0,137,1,0.04,255,332,433
66,ANTONIO RAÍLLO,RCD MALLORCA,3,18,0.17,239,0,0,148,590,696
66,ANTONIO SÁNCHEZ,RCD MALLORCA,3,23,0.13,137,1,0.04,265,290,401
95,CYLE LARIN,RCD MALLORCA,2,28,0.07,74,2,0.07,346,157,239
95,DANI RODRÍGUEZ,RCD MALLORCA,2,28,0.07,26,4,0.14,185,471,617
250,DANIEL LUNA,RCD MALLORCA,0,0,0,239,0,0,566,0,0
250,DAVID LÓPEZ,RCD MALLORCA,0,0,0,239,0,0,566,0,0
250,DOMINIK GREIF,RCD MALLORCA,0,1,0,239,0,0,507,21,29
250,GIOVANNI GONZÁLEZ,RCD MALLORCA,0,28,0,137,1,0.04,118,592,782
250,IVÁN CUÉLLAR,RCD MALLORCA,0,0,0,239,0,0,566,0,0
250,JAUME COSTA,RCD MALLORCA,0,25,0,239,0,0,236,356,471
145,JAVI LLABRÉS,RCD MALLORCA,1,14,0.07,239,0,0,479,40,52
145,JOSÉ MANUEL ARIAS COPETE,RCD MALLORCA,1,15,0.07,239,0,0,252,339,439
250,MANU MORLANES,RCD MALLORCA,0,27,0,137,1,0.04,194,495,592
250,MARCOS FERNÁNDEZ,RCD MALLORCA,0,0,0,239,0,0,566,0,0
250,MARTIN VALJENT,RCD MALLORCA,0,22,0,239,0,0,136,586,730
95,MATIJA NASTASIC,RCD MALLORCA,2,22,0.09,239,0,0,123,609,763
250,MIGUEL MARTÍN GARCÍA,RCD MALLORCA,0,0,0,239,0,0,566,0,0
145,NACHO VIDAL,RCD MALLORCA,1,12,0.08,239,0,0,411,97,131
250,NEMANJA RADONJIC,RCD MALLORCA,0,5,0,239,0,0,487,30,44
250,OMAR MASCARELL,RCD MALLORCA,0,21,0,239,0,0,198,465,571
250,PABLO MAFFEO,RCD MALLORCA,0,17,0,74,2,0.12,304,211,322
250,PAU MASCARÓ,RCD MALLORCA,0,0,0,239,0,0,566,0,0
250,PERE GARCÍA,RCD MALLORCA,0,0,0,239,0,0,566,0,0
250,PREDRAG RAJKOVIC,RCD MALLORCA,0,29,0,239,0,0,81,505,914
250,RUBÉN QUINTANILLA,RCD MALLORCA,0,0,0,239,0,0,566,0,0
145,SAMUEL DE ALMEIDA COSTA,RCD MALLORCA,1,28,0.04,137,1,0.04,93,670,869
250,SERGI DARDER,RCD MALLORCA,0,28,0,26,4,0.14,171,504,641
250,SIEBE VAN DER HEYDEN,RCD MALLORCA,0,6,0,239,0,0,435,62,92
38,VEDAT MURIQI,RCD MALLORCA,5,22,0.23,74,2,0.09,227,312,499
250,YUZÚN LEY,RCD MALLORCA,0,0,0,239,0,0,566,0,0
145,ABDE EZZALZOULI,REAL BETIS,1,22,0.05,239,0,0,326,200,272
250,ABNER VINÍCIUS DA SILVA SANTOS,REAL BETIS,0,18,0,239,0,0,211,438,541
95,AITOR RUIBAL,REAL BETIS,2,16,0.13,137,1,0.06,253,346,436
250,ANDRÉS GUARDADO,REAL BETIS,0,12,0,239,0,0,320,247,284
95,ASSANE DIAO,REAL BETIS,2,18,0.11,239,0,0,335,198,254
47,AYOZE PÉREZ,REAL BETIS,4,23,0.17,137,1,0.04,235,367,472
250,BORJA IGLESIAS,REAL BETIS,0,11,0,137,1,0.09,429,83,100
250,CHADI RIAD,REAL BETIS,0,19,0,239,0,0,103,744,840
95,CHIMY ÁVILA,REAL BETIS,2,23,0.09,46,3,0.13,286,256,357
250,CLAUDIO BRAVO,REAL BETIS,0,7,0,239,0,0,360,156,199
250,CÉDRIC BAKAMBU,REAL BETIS,0,1,0,239,0,0,547,4,5
250,DANIEL PÉREZ GUERRERO,REAL BETIS,0,0,0,239,0,0,566,0,0
250,ENRIQUE FERNÁNDEZ,REAL BETIS,0,0,0,239,0,0,566,0,0
250,FRANCISCO BARBOSA VIEITES,REAL BETIS,0,3,0,239,0,0,464,39,67
27,FRANCISCO ROMÁN ALARCÓN SUÁREZ,REAL BETIS,6,24,0.25,46,3,0.13,41,955,1110
145,GERMÁN PEZZELLA,REAL BETIS,1,28,0.04,239,0,0,28,1122,1307
95,GUIDO RODRÍGUEZ,REAL BETIS,2,18,0.11,239,0,0,124,662,762
250,GUILHERME SOUSA CARVALHO FERNANDES,REAL BETIS,0,0,0,239,0,0,566,0,0
250,HÉCTOR BELLERÍN,REAL BETIS,0,19,0,239,0,0,157,536,676
145,JOHNNY CARDOSO,REAL BETIS,1,9,0.11,74,2,0.22,300,278,332
250,JUAN CRUZ,REAL BETIS,0,5,0,239,0,0,517,15,20
250,JUAN MIRANDA,REAL BETIS,0,18,0,137,1,0.06,182,521,627
250,LUIZ FELIPE RAMOS MARCHI,REAL BETIS,0,4,0,239,0,0,385,151,167
250,LUIZ HENRIQUE ANDRÉ ROSA DA SILVA,REAL BETIS,0,14,0,46,3,0.21,368,138,185
250,MARC BARTRA,REAL BETIS,0,3,0,239,0,0,420,101,116
95,MARC ROCA,REAL BETIS,2,24,0.08,74,2,0.08,47,915,1080
250,NABIL FEKIR,REAL BETIS,0,12,0,74,2,0.17,287,301,354
250,NOBEL MENDY,REAL BETIS,0,0,0,239,0,0,566,0,0
250,PABLO BUSTO,REAL BETIS,0,2,0,239,0,0,515,16,21
145,PABLO FORNALS,REAL BETIS,1,8,0.13,74,2,0.25,285,276,359
250,PAUL AKOUOKOU,REAL BETIS,0,2,0,239,0,0,519,16,17
250,RICARDO VISUS,REAL BETIS,0,2,0,239,0,0,499,26,34
250,RODRIGO SÁNCHEZ RODRÍGUEZ,REAL BETIS,0,22,0,239,0,0,258,356,422
250,RUI TIAGO DANTAS DA SILVA,REAL BETIS,0,21,0,239,0,0,168,430,645
145,SERGI ALTIMIRA,REAL BETIS,1,12,0.08,239,0,0,329,243,268
250,SOKRATIS PAPASTATHOPOULOS,REAL BETIS,0,10,0,239,0,0,280,325,366
145,WILLIAM SILVA DE CARVALHO,REAL BETIS,1,17,0.06,46,3,0.18,225,443,502
12,WILLIAN JOSÉ DA SILVA,REAL BETIS,10,26,0.38,46,3,0.12,255,342,433
250,XAVIER PLEGUEZUELO,REAL BETIS,0,0,0,239,0,0,566,0,0
250,YOUSSOUF SABALY,REAL BETIS,0,6,0,137,1,0.17,320,248,284
250,ANDRIY LUNIN,REAL MADRID,0,18,0,239,0,0,232,405,474
145,ANTONIO RÜDIGER,REAL MADRID,1,26,0.04,239,0,0,16,1355,1506
145,ARDA GÜLER,REAL MADRID,1,5,0.2,239,0,0,502,28,31
95,AURÉLIEN TCHOUAMÉNI,REAL MADRID,2,24,0.08,137,1,0.04,27,1212,1315
38,BRAHIM DÍAZ,REAL MADRID,5,25,0.2,46,3,0.12,213,466,538
47,DANI CARVAJAL,REAL MADRID,4,23,0.17,74,2,0.09,49,931,1063
250,DANI CEBALLOS,REAL MADRID,0,14,0,137,1,0.07,362,173,196
250,DAVID ALABA,REAL MADRID,0,14,0,137,1,0.07,90,803,878
250,DIEGO PIÑEIRO,REAL MADRID,0,0,0,239,0,0,566,0,0
250,EDGAR PUJOL,REAL MADRID,0,0,0,239,0,0,566,0,0
250,EDUARDO CAMAVINGA,REAL MADRID,0,23,0,137,1,0.04,66,875,962
145,FEDERICO VALVERDE,REAL MADRID,1,30,0.03,4,7,0.23,8,1617,1775
250,FERLAND MENDY,REAL MADRID,0,20,0,239,0,0,64,916,972
250,FRAN GARCÍA,REAL MADRID,0,20,0,26,4,0.2,191,531,598
250,FRANCISCO JAVIER GONZÁLEZ PÉREZ,REAL MADRID,0,0,0,239,0,0,566,0,0
250,GONZALO GARCÍA,REAL MADRID,0,2,0,239,0,0,538,4,7
250,JACOBO RAMÓN,REAL MADRID,0,0,0,239,0,0,566,0,0
250,JOSÉ IGNACIO FERNÁNDEZ IGLESIAS,REAL MADRID,0,22,0,239,0,0,83,835,905
20,JOSÉ LUIS SANMARTÍN MATO,REAL MADRID,8,28,0.29,74,2,0.07,327,204,271
1,JUDE BELLINGHAM,REAL MADRID,16,23,0.7,26,4,0.17,36,1093,1224
250,KEPA ARRIZABALAGA REVUELTA,REAL MADRID,0,12,0,239,0,0,292,289,347
250,LUCAS CAÑIZARES,REAL MADRID,0,0,0,239,0,0,566,0,0
145,LUCAS VÁZQUEZ,REAL MADRID,1,23,0.04,46,3,0.13,155,612,686
95,LUKA MODRIC,REAL MADRID,2,25,0.08,26,4,0.16,54,943,1042
250,MARIO DE LUIS,REAL MADRID,0,0,0,239,0,0,566,0,0
250,MARIO MARTÍN,REAL MADRID,0,0,0,239,0,0,566,0,0
250,NICO PAZ,REAL MADRID,0,4,0,239,0,0,512,18,23
12,RODRYGO SILVA DE GOES,REAL MADRID,10,30,0.33,14,5,0.17,99,753,841
250,THÉO ZIDANE,REAL MADRID,0,0,0,239,0,0,566,0,0
145,TONI KROOS,REAL MADRID,1,29,0.03,4,7,0.24,3,1959,2074
250,VINÍCIUS AUGUSTO TOBIAS DA SILVA,REAL MADRID,0,0,0,239,0,0,566,0,0
9,VINÍCIUS JOSÉ PAIXÃO DE OLIVEIRA JÚNIOR,REAL MADRID,12,20,0.6,26,4,0.2,226,391,500
250,ÁLVARO CARRILLO,REAL MADRID,0,0,0,239,0,0,566,0,0
250,ÁLVARO RODRÍGUEZ,REAL MADRID,0,1,0,239,0,0,566,0,0
250,ÉDER GABRIEL MILITÃO,REAL MADRID,0,2,0,239,0,0,497,35,36
250,AIHEN MUÑOZ,REAL SOCIEDAD,0,21,0,74,2,0.1,223,391,506
250,AITOR FRAGA,REAL SOCIEDAD,0,0,0,239,0,0,566,0,0
250,ALBERTO DADIE,REAL SOCIEDAD,0,1,0,239,0,0,543,3,6
66,ANDER BARRENETXEA,REAL SOCIEDAD,3,21,0.14,137,1,0.05,274,270,380
95,ANDRÉ MIGUEL VALENTE DA SILVA,REAL SOCIEDAD,2,14,0.14,239,0,0,413,100,122
250,ARITZ ELUSTONDO,REAL SOCIEDAD,0,9,0,137,1,0.11,333,227,257
145,ARSEN ZAKHARYAN,REAL SOCIEDAD,1,21,0.05,74,2,0.1,306,237,319
250,BEÑAT TURRIENTES,REAL SOCIEDAD,0,21,0,137,1,0.05,270,329,388
47,BRAIS MÉNDEZ,REAL SOCIEDAD,4,27,0.15,14,5,0.19,69,759,946
250,BRYAN FIABEMA,REAL SOCIEDAD,0,0,0,239,0,0,566,0,0
95,CARLOS FERNÁNDEZ,REAL SOCIEDAD,2,10,0.2,137,1,0.1,448,44,82
250,GAIZKA AYESA,REAL SOCIEDAD,0,0,0,239,0,0,566,0,0
250,HAMARI TRAORÉ,REAL SOCIEDAD,0,25,0,74,2,0.08,57,874,1030
250,IGOR ZUBELDIA,REAL SOCIEDAD,0,28,0,74,2,0.07,10,1372,1624
250,IÑAKI RUPÉREZ,REAL SOCIEDAD,0,0,0,239,0,0,566,0,0
250,JAVI GALÁN,REAL SOCIEDAD,0,14,0,239,0,0,284,297,363
250,JON ARAMBURU,REAL SOCIEDAD,0,6,0,239,0,0,357,175,209
250,JON MAGUNAZELAIA,REAL SOCIEDAD,0,5,0,239,0,0,489,30,42
250,JON MARTÍN,REAL SOCIEDAD,0,0,0,239,0,0,566,0,0
250,JON OLASAGASTI,REAL SOCIEDAD,0,12,0,239,0,0,393,116,153
145,JON PACHECO,REAL SOCIEDAD,1,16,0.06,137,1,0.06,132,646,744
250,KIERAN TIERNEY,REAL SOCIEDAD,0,15,0,74,2,0.13,203,441,557
47,MARTÍN ZUBIMENDI,REAL SOCIEDAD,4,29,0.14,137,1,0.03,21,1230,1426
47,MIKEL MERINO,REAL SOCIEDAD,4,25,0.16,46,3,0.12,56,790,1031
20,MIKEL OYARZABAL,REAL SOCIEDAD,8,25,0.32,74,2,0.08,276,292,378
250,MOHAMED-ALI CHO,REAL SOCIEDAD,0,11,0,239,0,0,477,37,55
250,PABLO MARÍN,REAL SOCIEDAD,0,0,0,239,0,0,566,0,0
95,ROBIN LE NORMAND,REAL SOCIEDAD,2,23,0.09,239,0,0,23,1215,1369
250,SHERALDO BECKER,REAL SOCIEDAD,0,7,0,239,0,0,445,61,83
24,TAKEFUSA KUBO,REAL SOCIEDAD,7,23,0.3,46,3,0.13,204,449,556
66,UMAR SADIQ,REAL SOCIEDAD,3,25,0.12,137,1,0.04,375,128,178
250,UNAI MARRERO,REAL SOCIEDAD,0,2,0,239,0,0,492,23,40
250,URKO GONZÁLEZ,REAL SOCIEDAD,0,4,0,239,0,0,442,67,85
250,ÁLEX REMIRO,REAL SOCIEDAD,0,29,0,239,0,0,87,667,882
250,ÁLVARO ODRIOZOLA,REAL SOCIEDAD,0,4,0,239,0,0,487,39,44
250,ADNAN JANUZAJ,SEVILLA FC,0,8,0,239,0,0,453,64,77
145,ADRIÀ PEDROSA,SEVILLA FC,1,26,0.04,26,4,0.15,201,437,560
250,ALBERTO FLORES,SEVILLA FC,0,0,0,239,0,0,566,0,0
250,ALEJANDRO DARÍO GÓMEZ VILLAVERDE,SEVILLA FC,0,0,0,239,0,0,566,0,0
250,ALEJO VÉLIZ,SEVILLA FC,0,3,0,239,0,0,543,4,6
250,BOUBAKARY SOUMARÉ,SEVILLA FC,0,21,0,239,0,0,78,835,926
250,DARÍO BENAVIDES,SEVILLA FC,0,0,0,239,0,0,566,0,0
250,DIEGO HORMIGO,SEVILLA FC,0,1,0,239,0,0,532,6,9
145,DJIBRIL SOW,SEVILLA FC,1,24,0.04,137,1,0.04,158,579,675
66,DODI LUKÉBAKIO,SEVILLA FC,3,15,0.2,137,1,0.07,342,203,244
250,FEDERICO GATTONI,SEVILLA FC,0,2,0,239,0,0,533,6,8
250,FERNANDO FRANCISCO REGES,SEVILLA FC,0,8,0,239,0,0,347,206,236
250,GONZALO MONTIEL,SEVILLA FC,0,0,0,239,0,0,566,0,0
250,HANNIBAL MEJBRI,SEVILLA FC,0,4,0,239,0,0,494,33,39
250,IBRAHIMA SOW,SEVILLA FC,0,0,0,239,0,0,566,0,0
66,ISAAC ROMERO,SEVILLA FC,3,11,0.27,26,4,0.36,377,132,176
95,IVAN RAKITIC,SEVILLA FC,2,18,0.11,137,1,0.06,73,762,936
250,JESÚS CORONA,SEVILLA FC,0,2,0,239,0,0,528,9,12
145,JESÚS JOAQUÍN FERNÁNDEZ SÁENZ DE LA TORRE,SEVILLA FC,1,24,0.04,46,3,0.13,176,540,635
250,JESÚS NAVAS,SEVILLA FC,0,22,0,239,0,0,133,563,733
250,JOAN JORDÁN,SEVILLA FC,0,6,0,239,0,0,348,199,227
250,JUANLU SÁNCHEZ,SEVILLA FC,0,21,0,74,2,0.1,238,389,469
95,KIKE SALAS,SEVILLA FC,2,16,0.13,239,0,0,162,517,664
250,LOÏC BADÉ,SEVILLA FC,0,21,0,137,1,0.05,74,759,934
47,LUCAS OCAMPOS,SEVILLA FC,4,27,0.15,74,2,0.07,135,525,731
250,LUCIEN AGOUMÉ,SEVILLA FC,0,4,0,239,0,0,440,68,88
250,LUIS DASILVA RODRÍGUEZ,SEVILLA FC,0,0,0,239,0,0,566,0,0
250,MANU BUENO,SEVILLA FC,0,2,0,239,0,0,522,13,15
250,MARCOS ACUÑA,SEVILLA FC,0,15,0,137,1,0.07,242,369,453
250,MARCOS DO NASCIMENTO TEIXEIRA,SEVILLA FC,0,6,0,239,0,0,371,164,181
250,MARIANO DÍAZ,SEVILLA FC,0,6,0,239,0,0,489,28,42
250,MARKO DMITROVIC,SEVILLA FC,0,13,0,239,0,0,303,222,323
250,MATÍAS ÁRBOL,SEVILLA FC,0,0,0,239,0,0,566,0,0
250,MIGUEL JIMÉNEZ CAPITAS,SEVILLA FC,0,0,0,239,0,0,566,0,0
145,NEMANJA GUDELJ,SEVILLA FC,1,19,0.05,239,0,0,77,802,930
95,RAFA MIR,SEVILLA FC,2,15,0.13,239,0,0,442,60,85
250,RAFAEL ROMERO,SEVILLA FC,0,0,0,239,0,0,566,0,0
66,SERGIO RAMOS,SEVILLA FC,3,20,0.15,239,0,0,48,948,1074
250,STANIS IDUMBO MUZAMBO,SEVILLA FC,0,0,0,239,0,0,566,0,0
250,TANGUY NIANZOU,SEVILLA FC,0,6,0,239,0,0,416,105,119
250,XAVI SINTES,SEVILLA FC,0,0,0,239,0,0,566,0,0
250,YASSINE BOUNOU,SEVILLA FC,0,1,0,239,0,0,508,16,27
12,YOUSSEF EN-NESYRI,SEVILLA FC,10,25,0.4,137,1,0.04,354,140,221
95,ÉRIK LAMELA,SEVILLA FC,2,10,0.2,239,0,0,413,106,122
250,ÓLIVER TORRES,SEVILLA FC,0,25,0,137,1,0.04,131,621,747
250,ØRJAN NYLAND,SEVILLA FC,0,16,0,239,0,0,254,229,435
145,ADRI EMBARBA,UD ALMERÍA,1,28,0.04,239,0,0,197,426,574
250,ALEKSANDAR RADOVANOVIC,UD ALMERÍA,0,7,0,239,0,0,382,159,170
250,ANTHONY LOZANO,UD ALMERÍA,0,12,0,239,0,0,445,58,83
250,ARNAU PUIGMAL,UD ALMERÍA,0,11,0,239,0,0,459,57,74
250,ARVIN APPIAH,UD ALMERÍA,0,0,0,239,0,0,566,0,0
250,BRUNO ALBERTO LANGA,UD ALMERÍA,0,5,0,239,0,0,423,77,110
250,BRUNO IRIBARNE,UD ALMERÍA,0,0,0,239,0,0,566,0,0
250,CÉSAR MONTES,UD ALMERÍA,0,16,0,239,0,0,134,559,732
250,DIEGO MARIÑO,UD ALMERÍA,0,1,0,239,0,0,515,17,21
250,DION LOPY,UD ALMERÍA,0,27,0,239,0,0,121,653,777
95,EDGAR GONZÁLEZ,UD ALMERÍA,2,25,0.08,239,0,0,44,932,1092
250,FERNANDO MARTÍNEZ,UD ALMERÍA,0,2,0,239,0,0,461,40,69
250,GONZALO MELERO,UD ALMERÍA,0,23,0,137,1,0.04,275,314,379
250,GUILHERME BORGES GUEDES,UD ALMERÍA,0,0,0,239,0,0,566,0,0
250,HOUBOULANG MENDES,UD ALMERÍA,0,7,0,239,0,0,419,87,118
250,IBRAHIMA KONÉ,UD ALMERÍA,0,8,0,239,0,0,483,33,49
250,IDDRISU BABA,UD ALMERÍA,0,23,0,239,0,0,173,533,638
95,JONATHAN VIERA,UD ALMERÍA,2,15,0.13,46,3,0.2,145,629,703
250,JUAN BRANDÁRIZ MOVILLA,UD ALMERÍA,0,23,0,137,1,0.04,109,704,812
145,KAIKY FERNANDES MELO,UD ALMERÍA,1,8,0.13,239,0,0,331,216,261
66,LARGIE RAMAZANI,UD ALMERÍA,3,27,0.11,14,5,0.19,317,185,289
38,LEONARDO MICALI CARRILHO BAPTISTÃO,UD ALMERÍA,5,24,0.21,239,0,0,291,220,348
250,LUCAS ROBERTONE,UD ALMERÍA,0,26,0,14,5,0.19,67,787,960
47,LUIS SUÁREZ,UD ALMERÍA,4,10,0.4,239,0,0,398,112,143
95,LUKA ROMERO,UD ALMERÍA,2,6,0.33,239,0,0,456,70,76
250,LUÍS MANUEL ARANTES MAXIMIANO,UD ALMERÍA,0,27,0,239,0,0,84,550,904
250,LÁZARO VINÍCIUS MARQUES,UD ALMERÍA,0,14,0,239,0,0,444,65,84
145,MARC PUBILL,UD ALMERÍA,1,16,0.06,137,1,0.06,233,362,473
250,MARCIANO SANCA TCHAMI,UD ALMERÍA,0,6,0,239,0,0,512,14,23
250,MARCOS PEÑA,UD ALMERÍA,0,2,0,239,0,0,481,44,50
145,MARKO MILOVANOVIC,UD ALMERÍA,1,11,0.09,239,0,0,464,43,67
250,MARTIN SVIDERSKY,UD ALMERÍA,0,0,0,239,0,0,566,0,0
250,PACO SANZ,UD ALMERÍA,0,0,0,239,0,0,566,0,0
250,RACHAD FETTAL,UD ALMERÍA,0,1,0,239,0,0,547,4,5
95,SERGIO AKIEME,UD ALMERÍA,2,19,0.11,239,0,0,193,474,594
27,SERGIO ARRIBAS,UD ALMERÍA,6,29,0.21,46,3,0.1,207,453,550
250,SRDJAN BABIC,UD ALMERÍA,0,1,0,239,0,0,470,58,62
250,ÁLEX CENTELLES,UD ALMERÍA,0,10,0,137,1,0.1,305,237,321
250,ÁLEX POZO,UD ALMERÍA,0,17,0,239,0,0,271,297,385
250,AARÓN ESCANDELL,UD LAS PALMAS,0,1,0,239,0,0,502,16,31
95,ALBERTO MOLEIRO,UD LAS PALMAS,2,20,0.1,46,3,0.15,248,361,450
250,ALEJANDRO GONZÁLEZ GORRIN,UD LAS PALMAS,0,0,0,239,0,0,566,0,0
145,BENITO RAMÍREZ,UD LAS PALMAS,1,15,0.07,239,0,0,431,77,98
145,CRISTIAN HERRERA,UD LAS PALMAS,1,7,0.14,239,0,0,437,84,91
250,DALEY SINKGRAVEN,UD LAS PALMAS,0,7,0,239,0,0,385,146,167
250,ENZO LOIODICE,UD LAS PALMAS,0,29,0,239,0,0,80,766,917
250,ERIC CURBELO,UD LAS PALMAS,0,1,0,239,0,0,478,51,53
250,FABIO GONZÁLEZ,UD LAS PALMAS,0,2,0,239,0,0,538,7,7
95,FRANCISCO JESÚS CRESPO,UD LAS PALMAS,2,15,0.13,239,0,0,374,144,179
250,IÑAKI GONZÁLEZ,UD LAS PALMAS,0,1,0,239,0,0,553,4,4
95,JAVI MUÑOZ,UD LAS PALMAS,2,29,0.07,46,3,0.1,61,833,1011
250,JOSÉ ÁNGEL GÓMEZ CAMPAÑA,UD LAS PALMAS,0,4,0,239,0,0,423,93,110
145,JUAN HERZOG,UD LAS PALMAS,1,3,0.33,239,0,0,406,116,134
145,JULIÁN ARAUJO,UD LAS PALMAS,1,22,0.05,239,0,0,189,507,605
27,KIRIAN RODRÍGUEZ,UD LAS PALMAS,6,29,0.21,74,2,0.07,1,2082,2327
66,MARC CARDONA,UD LAS PALMAS,3,21,0.14,137,1,0.05,371,139,181
250,MARVIN OLAWALE AKINLABI PARK,UD LAS PALMAS,0,25,0,74,2,0.08,233,385,473
250,MIKA MÁRMOL,UD LAS PALMAS,0,28,0,137,1,0.04,4,1785,1997
66,MUNIR EL HADDADI,UD LAS PALMAS,3,30,0.1,137,1,0.03,186,496,611
250,MÁXIMO PERRONE,UD LAS PALMAS,0,24,0,239,0,0,44,987,1092
250,OMENUKE MFULU,UD LAS PALMAS,0,5,0,239,0,0,472,53,60
250,PAU FERRER BESALDUCH,UD LAS PALMAS,0,0,0,239,0,0,566,0,0
145,SANDRO RAMÍREZ,UD LAS PALMAS,1,19,0.05,46,3,0.16,250,369,447
145,SAÚL COCO,UD LAS PALMAS,1,23,0.04,239,0,0,46,970,1089
145,SERGI CARDONA,UD LAS PALMAS,1,29,0.03,74,2,0.07,17,1224,1492
145,SORY KABA,UD LAS PALMAS,1,14,0.07,137,1,0.07,406,95,134
145,ÁLEX SUÁREZ,UD LAS PALMAS,1,24,0.04,239,0,0,42,957,1101
250,ÁLVARO KILLANE,UD LAS PALMAS,0,0,0,239,0,0,566,0,0
250,ÁLVARO LEMOS,UD LAS PALMAS,0,3,0,239,0,0,420,96,116
250,ÁLVARO VALLÉS,UD LAS PALMAS,0,30,0,239,0,0,19,1143,1448
250,ALBERTO MARÍ,VALENCIA CF,0,9,0,137,1,0.11,512,10,23
250,CENK ÖZKACAR,VALENCIA CF,0,16,0,239,0,0,183,508,622
250,CRISTHIAN MOSQUERA,VALENCIA CF,0,28,0,239,0,0,37,1072,1214
250,CRISTIAN RIVERO,VALENCIA CF,0,0,0,239,0,0,566,0,0
250,CÉSAR TÁRREGA,VALENCIA CF,0,1,0,239,0,0,547,5,5
250,DAVID OTORBI,VALENCIA CF,0,0,0,239,0,0,566,0,0
66,DIEGO LÓPEZ,VALENCIA CF,3,28,0.11,14,5,0.18,207,369,550
250,DIMITRI FOULQUIER,VALENCIA CF,0,26,0,239,0,0,181,452,628
145,DOMINGOS ANDRÉ RIBEIRO ALMEIDA,VALENCIA CF,1,10,0.1,137,1,0.1,360,159,199
145,FRAN PÉREZ,VALENCIA CF,1,30,0.03,26,4,0.13,224,403,503
250,GIORGI MAMARDASHVILI,VALENCIA CF,0,30,0,239,0,0,125,356,761
9,HUGO DURO,VALENCIA CF,12,30,0.4,74,2,0.07,240,339,458
250,HUGO GONZÁLEZ,VALENCIA CF,0,7,0,137,1,0.14,521,13,16
145,HUGO GUILLAMÓN,VALENCIA CF,1,21,0.05,239,0,0,209,447,549
250,JAUME DOMÈNECH,VALENCIA CF,0,0,0,239,0,0,566,0,0
47,JAVI GUERRA,VALENCIA CF,4,28,0.14,137,1,0.04,141,533,716
145,JESÚS VÁZQUEZ,VALENCIA CF,1,16,0.06,239,0,0,429,60,100
145,JOSÉ GAYÀ,VALENCIA CF,1,22,0.05,74,2,0.09,120,618,779
47,JOSÉ LUIS GARCÍA VAYÁ,VALENCIA CF,4,30,0.13,137,1,0.03,12,1318,1616
250,MARCO CAMUS,VALENCIA CF,0,0,0,239,0,0,566,0,0
250,MARIO DOMÍNGUEZ,VALENCIA CF,0,3,0,239,0,0,553,4,4
250,MARTÍN TEJÓN,VALENCIA CF,0,0,0,239,0,0,566,0,0
145,MOUCTAR DIAKHABY,VALENCIA CF,1,14,0.07,239,0,0,210,475,545
250,PABLO GOZÁLBEZ,VALENCIA CF,0,5,0,239,0,0,505,16,30
250,PETER GONZÁLEZ,VALENCIA CF,0,7,0,239,0,0,485,30,46
66,ROMAN YAREMCHUK,VALENCIA CF,3,21,0.14,239,0,0,380,120,173
250,RUBÉN IRANZO,VALENCIA CF,0,0,0,239,0,0,566,0,0
250,SELIM AMALLAH,VALENCIA CF,0,17,0,137,1,0.06,392,118,156
145,SERGI CANÓS,VALENCIA CF,1,20,0.05,74,2,0.1,339,165,248
250,THIERRY RENDALL CORREIA,VALENCIA CF,0,23,0,74,2,0.09,111,608,805
250,YAREK GASIOROWSKI,VALENCIA CF,0,9,0,239,0,0,435,71,92
250,ABRAHAM DEL MORAL,VILLARREAL CF,0,0,0,239,0,0,566,0,0
250,ADRIÀ ALTI,VILLARREAL CF,0,11,0,239,0,0,266,334,400
145,ALBERTO MORENO,VILLARREAL CF,1,22,0.05,137,1,0.05,242,376,453
5,ALEXANDER SØRLOTH,VILLARREAL CF,14,26,0.54,14,5,0.19,296,253,339
145,ALFONSO PEDRAZA,VILLARREAL CF,1,15,0.07,74,2,0.13,273,303,381
145,AÏSSA MANDI,VILLARREAL CF,1,14,0.07,239,0,0,183,572,622
250,BEN BRERETON,VILLARREAL CF,0,14,0,239,0,0,461,54,69
250,BERTRAND TRAORÉ,VILLARREAL CF,0,5,0,239,0,0,453,66,77
250,CARLOS ROMERO,VILLARREAL CF,0,7,0,239,0,0,416,87,119
95,DANI PAREJO,VILLARREAL CF,2,25,0.08,26,4,0.16,22,1276,1411
250,DANIEL BUDESCA,VILLARREAL CF,0,0,0,239,0,0,566,0,0
250,DENIS SUÁREZ,VILLARREAL CF,0,4,0,239,0,0,439,76,89
250,ERIC BAILLY,VILLARREAL CF,0,7,0,239,0,0,341,214,246
250,FILIP JØRGENSEN,VILLARREAL CF,0,29,0,239,0,0,85,674,886
250,FRANCIS COQUELIN,VILLARREAL CF,0,12,0,239,0,0,309,270,309
12,GERARD MORENO,VILLARREAL CF,10,27,0.37,26,4,0.15,90,697,878
95,GONÇALO MANUEL GANCHINHO GUEDES,VILLARREAL CF,2,9,0.22,74,2,0.22,397,118,148
250,IKER ÁLVAREZ,VILLARREAL CF,0,0,0,239,0,0,566,0,0
145,ILIAS AKHOMACH,VILLARREAL CF,1,23,0.04,74,2,0.09,299,267,334
66,JORGE CUENCA,VILLARREAL CF,3,23,0.13,239,0,0,76,788,932
250,JORGE PASCUAL,VILLARREAL CF,0,1,0,239,0,0,547,4,5
27,JOSÉ LUÍS MORALES,VILLARREAL CF,6,23,0.26,239,0,0,388,126,166
145,JUAN FOYTH,VILLARREAL CF,1,12,0.08,137,1,0.08,196,477,575
250,KIKO FEMENÍA,VILLARREAL CF,0,16,0,239,0,0,200,471,562
250,MANU TRIGUEROS,VILLARREAL CF,0,11,0,239,0,0,422,93,111
250,MATTEO GABBIA,VILLARREAL CF,0,7,0,239,0,0,313,267,298
250,PEPE REINA,VILLARREAL CF,0,1,0,239,0,0,502,23,31
250,RAMON TERRATS,VILLARREAL CF,0,14,0,137,1,0.07,320,240,284
250,RAÚL ALBIOL,VILLARREAL CF,0,22,0,137,1,0.05,50,913,1061
95,SANTI COMESAÑA,VILLARREAL CF,2,21,0.1,239,0,0,179,555,634
250,STEFAN LEKOVIC,VILLARREAL CF,0,1,0,239,0,0,524,12,14
250,YEREMY PINO,VILLARREAL CF,0,7,0,239,0,0,391,131,158
250,YERSON MOSQUERA,VILLARREAL CF,0,8,0,239,0,0,316,240,290
95,ÁLEX BAENA,VILLARREAL CF,2,27,0.07,1,9,0.33,116,619,793
145,ÉTIENNE CAPOUE,VILLARREAL CF,1,28,0.04,137,1,0.04,128,655,755
